from,to,value
SC,SC,25.13296669
SM,VIS,4.152993021
SM,VIS,-14.85270905
SM,ATTN,-34.07175087
SM,SM,4.152993021
SM,VIS,-12.45910629
SM,VIS,-11.57770121
VIS,ATTN,-9.917093785
VIS,VIS,6.454671815
FRN,DMN,-3.623254926
